t_sec,id1_shoulder_pan[mA],id2_shoulder_lift[mA],id3_elbow_flex[mA],id4_wrist_flex[mA],id5_wrist_roll[mA],id6_gripper[mA]
0.0,0.0,0.0,0.0,0.0,0.0,0.0
0.034,0.0,0.0,0.0,0.0,0.0,0.0
0.055,0.0,0.0,0.0,0.0,0.0,0.0
0.076,0.0,0.0,0.0,0.0,0.0,0.0
0.097,0.0,0.0,0.0,0.0,0.0,0.0
0.118,0.0,0.0,0.0,0.0,0.0,0.0
0.176,0.0,0.0,0.0,0.0,0.0,0.0
0.197,0.0,0.0,0.0,0.0,0.0,0.0
0.218,0.0,0.0,0.0,0.0,0.0,0.0
0.239,0.0,0.0,0.0,0.0,0.0,0.0
0.26,0.0,0.0,0.0,0.0,0.0,0.0
0.281,0.0,0.0,0.0,0.0,0.0,0.0
0.302,0.0,0.0,0.0,0.0,0.0,0.0
0.323,0.0,0.0,0.0,0.0,0.0,0.0
0.344,0.0,0.0,0.0,0.0,0.0,0.0
0.394,0.0,0.0,0.0,0.0,0.0,0.0
0.415,0.0,0.0,0.0,0.0,0.0,0.0
0.436,0.0,0.0,0.0,0.0,0.0,0.0
0.457,0.0,0.0,0.0,0.0,0.0,0.0
0.478,0.0,0.0,0.0,0.0,0.0,0.0
0.499,0.0,0.0,0.0,0.0,0.0,0.0
0.52,0.0,0.0,0.0,0.0,0.0,0.0
0.541,0.0,0.0,0.0,0.0,0.0,0.0
0.562,0.0,0.0,0.0,0.0,0.0,0.0
0.615,0.0,0.0,0.0,0.0,0.0,0.0
0.636,0.0,0.0,0.0,0.0,0.0,0.0
0.657,0.0,0.0,0.0,0.0,0.0,0.0
0.678,0.0,0.0,0.0,0.0,0.0,0.0
0.699,0.0,0.0,0.0,0.0,0.0,0.0
0.72,0.0,0.0,0.0,0.0,0.0,0.0
0.741,0.0,0.0,0.0,0.0,0.0,0.0
0.762,0.0,0.0,0.0,0.0,0.0,0.0
0.783,0.0,0.0,0.0,0.0,0.0,0.0
0.84,0.0,0.0,0.0,0.0,0.0,0.0
0.861,0.0,0.0,0.0,0.0,0.0,0.0
0.882,0.0,0.0,0.0,0.0,0.0,0.0
0.903,0.0,0.0,0.0,0.0,0.0,0.0
0.924,0.0,0.0,0.0,0.0,0.0,0.0
0.945,0.0,0.0,0.0,0.0,0.0,0.0
0.966,0.0,0.0,0.0,0.0,0.0,0.0
0.987,0.0,0.0,0.0,0.0,0.0,0.0
1.008,0.0,0.0,0.0,0.0,0.0,0.0
1.056,0.0,0.0,0.0,0.0,0.0,0.0
1.077,0.0,0.0,0.0,0.0,0.0,0.0
1.098,0.0,0.0,0.0,0.0,0.0,0.0
1.119,0.0,0.0,0.0,0.0,0.0,0.0
1.14,0.0,0.0,0.0,0.0,0.0,0.0
1.161,0.0,0.0,0.0,0.0,0.0,0.0
1.182,0.0,0.0,0.0,0.0,0.0,0.0
1.203,0.0,0.0,0.0,0.0,0.0,0.0
1.224,0.0,0.0,0.0,0.0,0.0,0.0
1.271,0.0,0.0,0.0,0.0,0.0,0.0
1.292,0.0,0.0,0.0,0.0,0.0,0.0
1.313,0.0,0.0,0.0,0.0,0.0,0.0
1.334,0.0,0.0,0.0,0.0,0.0,0.0
1.355,0.0,0.0,0.0,0.0,0.0,0.0
1.375,0.0,0.0,0.0,0.0,0.0,0.0
1.396,0.0,0.0,0.0,0.0,0.0,0.0
1.417,0.0,0.0,0.0,0.0,0.0,0.0
1.438,0.0,0.0,0.0,0.0,0.0,0.0
1.477,0.0,0.0,0.0,0.0,0.0,0.0
1.498,0.0,0.0,0.0,0.0,0.0,0.0
1.519,0.0,0.0,0.0,0.0,0.0,0.0
1.54,0.0,0.0,0.0,0.0,0.0,0.0
1.561,0.0,0.0,0.0,0.0,0.0,0.0
1.582,0.0,0.0,0.0,0.0,0.0,0.0
1.603,0.0,0.0,0.0,0.0,0.0,0.0
1.624,0.0,0.0,0.0,0.0,0.0,0.0
1.645,0.0,0.0,0.0,0.0,0.0,0.0
1.687,0.0,0.0,0.0,0.0,0.0,0.0
1.708,0.0,0.0,0.0,0.0,0.0,0.0
1.729,0.0,0.0,0.0,0.0,0.0,0.0
1.75,0.0,0.0,0.0,0.0,0.0,0.0
1.771,0.0,0.0,0.0,0.0,0.0,0.0
1.791,0.0,0.0,0.0,0.0,0.0,0.0
1.812,0.0,0.0,0.0,0.0,0.0,0.0
1.833,0.0,0.0,0.0,0.0,0.0,0.0
1.854,0.0,0.0,0.0,0.0,0.0,0.0
1.916,0.0,0.0,0.0,0.0,0.0,0.0
1.937,0.0,0.0,0.0,0.0,0.0,0.0
1.958,0.0,0.0,0.0,0.0,0.0,0.0
1.979,0.0,0.0,0.0,0.0,0.0,0.0
2.0,0.0,0.0,0.0,0.0,0.0,0.0
2.021,0.0,0.0,0.0,0.0,0.0,0.0
2.042,0.0,0.0,0.0,0.0,0.0,0.0
2.063,0.0,0.0,0.0,0.0,0.0,0.0
2.101,0.0,0.0,0.0,0.0,0.0,0.0
2.122,0.0,0.0,0.0,0.0,0.0,0.0
2.143,0.0,0.0,0.0,0.0,0.0,0.0
2.164,0.0,0.0,0.0,0.0,0.0,0.0
2.185,0.0,0.0,0.0,0.0,0.0,0.0
2.206,0.0,0.0,0.0,0.0,0.0,0.0
2.227,0.0,0.0,0.0,0.0,0.0,0.0
2.248,0.0,0.0,0.0,0.0,0.0,0.0
2.269,0.0,0.0,0.0,0.0,0.0,0.0
2.316,0.0,0.0,0.0,0.0,0.0,0.0
2.337,0.0,0.0,0.0,0.0,0.0,0.0
2.358,0.0,0.0,0.0,0.0,0.0,0.0
2.379,0.0,0.0,0.0,0.0,0.0,0.0
2.413,0.0,0.0,0.0,0.0,0.0,0.0
2.433,0.0,0.0,0.0,0.0,0.0,0.0
2.454,0.0,0.0,0.0,0.0,0.0,0.0
2.475,0.0,0.0,0.0,0.0,0.0,0.0
2.496,0.0,0.0,0.0,0.0,0.0,0.0
2.533,0.0,0.0,0.0,0.0,0.0,0.0
2.553,0.0,0.0,0.0,0.0,0.0,0.0
2.574,0.0,0.0,0.0,0.0,0.0,0.0
2.595,0.0,0.0,0.0,0.0,0.0,0.0
2.616,0.0,0.0,0.0,0.0,0.0,0.0
2.637,0.0,0.0,0.0,0.0,0.0,0.0
2.658,0.0,0.0,0.0,0.0,0.0,0.0
2.679,0.0,0.0,0.0,0.0,0.0,0.0
2.7,0.0,0.0,0.0,0.0,0.0,0.0
2.721,0.0,0.0,0.0,0.0,0.0,0.0
2.758,0.0,0.0,0.0,0.0,0.0,0.0
2.779,0.0,0.0,0.0,0.0,0.0,0.0
2.8,0.0,0.0,0.0,0.0,0.0,0.0
2.821,0.0,0.0,0.0,0.0,0.0,0.0
2.842,0.0,0.0,0.0,0.0,0.0,0.0
2.863,0.0,0.0,0.0,0.0,0.0,0.0
2.884,0.0,0.0,0.0,0.0,0.0,0.0
2.905,0.0,0.0,0.0,0.0,0.0,0.0
2.926,0.0,0.0,0.0,0.0,0.0,0.0
2.947,0.0,0.0,0.0,0.0,0.0,0.0
2.994,0.0,0.0,0.0,0.0,0.0,0.0
3.015,0.0,0.0,0.0,0.0,0.0,0.0
3.036,0.0,0.0,0.0,0.0,0.0,0.0
3.057,0.0,0.0,0.0,0.0,0.0,0.0
3.092,0.0,0.0,0.0,0.0,0.0,0.0
3.113,0.0,0.0,0.0,0.0,0.0,0.0
3.134,0.0,0.0,0.0,0.0,0.0,0.0
3.155,0.0,0.0,0.0,0.0,0.0,0.0
3.176,0.0,0.0,0.0,0.0,0.0,0.0
3.208,0.0,0.0,0.0,0.0,0.0,0.0
3.228,0.0,0.0,0.0,0.0,0.0,0.0
3.249,0.0,0.0,0.0,0.0,0.0,0.0
3.27,0.0,0.0,0.0,0.0,0.0,0.0
3.291,0.0,0.0,0.0,0.0,0.0,0.0
3.328,0.0,0.0,0.0,0.0,0.0,0.0
3.349,0.0,0.0,0.0,0.0,0.0,0.0
3.37,0.0,0.0,0.0,0.0,0.0,0.0
3.391,0.0,0.0,0.0,0.0,0.0,0.0
3.412,0.0,0.0,0.0,0.0,0.0,0.0
3.433,0.0,0.0,0.0,0.0,0.0,0.0
3.454,0.0,0.0,0.0,0.0,0.0,0.0
3.475,0.0,0.0,0.0,0.0,0.0,0.0
3.496,0.0,0.0,0.0,0.0,0.0,0.0
3.536,0.0,0.0,0.0,0.0,0.0,0.0
3.557,0.0,0.0,0.0,0.0,0.0,0.0
3.578,0.0,0.0,0.0,0.0,0.0,0.0
3.599,0.0,0.0,0.0,0.0,0.0,0.0
3.62,0.0,0.0,0.0,0.0,0.0,0.0
3.641,0.0,0.0,0.0,0.0,0.0,0.0
3.661,0.0,0.0,0.0,0.0,0.0,0.0
3.682,0.0,0.0,0.0,0.0,0.0,0.0
3.704,0.0,0.0,0.0,0.0,0.0,0.0
3.749,0.0,0.0,0.0,0.0,0.0,0.0
3.77,0.0,0.0,0.0,0.0,0.0,0.0
3.791,0.0,0.0,0.0,0.0,0.0,0.0
3.812,0.0,0.0,0.0,0.0,0.0,0.0
3.833,0.0,0.0,0.0,0.0,0.0,0.0
3.854,0.0,0.0,0.0,0.0,0.0,0.0
3.875,0.0,0.0,0.0,0.0,0.0,0.0
3.896,0.0,0.0,0.0,0.0,0.0,0.0
3.916,0.0,0.0,0.0,0.0,0.0,0.0
3.964,0.0,0.0,0.0,0.0,0.0,0.0
3.985,0.0,0.0,0.0,0.0,0.0,0.0
4.006,0.0,0.0,0.0,0.0,0.0,0.0
4.027,0.0,0.0,0.0,0.0,0.0,0.0
4.048,0.0,0.0,0.0,0.0,0.0,0.0
4.069,0.0,0.0,0.0,0.0,0.0,0.0
4.09,0.0,0.0,0.0,0.0,0.0,0.0
4.111,0.0,0.0,0.0,0.0,0.0,0.0
4.131,0.0,0.0,0.0,0.0,0.0,0.0
4.169,0.0,0.0,0.0,0.0,0.0,0.0
4.19,0.0,0.0,0.0,0.0,0.0,0.0
4.211,0.0,0.0,0.0,0.0,0.0,0.0
4.232,0.0,0.0,0.0,0.0,0.0,0.0
4.266,0.0,0.0,0.0,0.0,0.0,0.0
4.286,0.0,0.0,0.0,0.0,0.0,0.0
4.307,0.0,0.0,0.0,0.0,0.0,0.0
4.328,0.0,0.0,0.0,0.0,0.0,0.0
4.349,0.0,0.0,0.0,0.0,0.0,0.0
4.381,0.0,0.0,0.0,0.0,0.0,0.0
4.402,0.0,0.0,0.0,0.0,0.0,0.0
4.423,0.0,0.0,0.0,0.0,0.0,0.0
4.444,0.0,0.0,0.0,0.0,0.0,0.0
4.465,0.0,0.0,0.0,0.0,0.0,0.0
4.505,0.0,0.0,0.0,0.0,0.0,0.0
4.526,0.0,0.0,0.0,0.0,0.0,0.0
4.547,0.0,0.0,0.0,0.0,0.0,0.0
4.568,0.0,0.0,0.0,0.0,0.0,0.0
4.589,0.0,0.0,0.0,0.0,0.0,0.0
4.61,0.0,0.0,0.0,0.0,0.0,0.0
4.631,0.0,0.0,0.0,0.0,0.0,0.0
4.652,0.0,0.0,0.0,0.0,0.0,0.0
4.673,0.0,0.0,0.0,0.0,0.0,0.0
4.72,0.0,0.0,0.0,0.0,0.0,0.0
4.741,0.0,0.0,0.0,0.0,0.0,0.0
4.762,0.0,0.0,0.0,0.0,0.0,0.0
4.783,0.0,0.0,0.0,0.0,0.0,0.0
4.814,0.0,0.0,0.0,0.0,0.0,0.0
4.835,0.0,0.0,0.0,0.0,0.0,0.0
4.856,0.0,0.0,0.0,0.0,0.0,0.0
4.877,0.0,0.0,0.0,0.0,0.0,0.0
4.898,0.0,0.0,0.0,0.0,0.0,0.0
4.937,0.0,0.0,0.0,0.0,0.0,0.0
4.958,0.0,0.0,0.0,0.0,0.0,0.0
4.979,0.0,0.0,0.0,0.0,0.0,0.0
5.0,0.0,0.0,0.0,0.0,0.0,0.0
5.034,0.0,0.0,0.0,0.0,0.0,0.0
5.055,0.0,0.0,0.0,0.0,0.0,0.0
5.076,0.0,0.0,0.0,0.0,0.0,0.0
5.097,0.0,0.0,0.0,0.0,0.0,0.0
5.118,0.0,0.0,0.0,0.0,0.0,0.0
5.155,0.0,0.0,0.0,0.0,0.0,0.0
5.176,0.0,0.0,0.0,0.0,0.0,0.0
5.197,0.0,0.0,0.0,0.0,0.0,0.0
5.217,0.0,0.0,0.0,0.0,0.0,0.0
5.238,0.0,0.0,0.0,0.0,0.0,0.0
5.272,0.0,0.0,0.0,0.0,0.0,0.0
5.293,0.0,0.0,0.0,0.0,0.0,0.0
5.314,0.0,0.0,0.0,0.0,0.0,0.0
5.335,0.0,0.0,0.0,0.0,0.0,0.0
5.356,0.0,0.0,0.0,0.0,0.0,0.0
5.391,0.0,0.0,0.0,0.0,0.0,0.0
5.412,0.0,0.0,0.0,0.0,0.0,0.0
5.433,0.0,0.0,0.0,0.0,0.0,0.0
5.454,0.0,0.0,0.0,0.0,0.0,0.0
5.475,0.0,0.0,0.0,0.0,0.0,0.0
5.51,0.0,0.0,0.0,0.0,0.0,0.0
5.531,0.0,0.0,0.0,0.0,0.0,0.0
5.552,0.0,0.0,0.0,0.0,0.0,0.0
5.573,0.0,0.0,0.0,0.0,0.0,0.0
5.594,0.0,0.0,0.0,0.0,0.0,0.0
5.63,0.0,0.0,0.0,0.0,0.0,0.0
5.65,0.0,0.0,0.0,0.0,0.0,0.0
5.671,0.0,0.0,0.0,0.0,0.0,0.0
5.692,0.0,0.0,0.0,0.0,0.0,0.0
5.713,0.0,0.0,0.0,0.0,0.0,0.0
5.751,0.0,0.0,0.0,0.0,0.0,0.0
5.772,0.0,0.0,0.0,0.0,0.0,0.0
5.793,0.0,0.0,0.0,0.0,0.0,0.0
5.815,0.0,0.0,0.0,0.0,0.0,0.0
5.849,0.0,0.0,0.0,0.0,0.0,0.0
5.87,0.0,0.0,0.0,0.0,0.0,0.0
5.891,0.0,0.0,0.0,0.0,0.0,0.0
5.912,0.0,0.0,0.0,0.0,0.0,0.0
5.932,0.0,0.0,0.0,0.0,0.0,0.0
5.953,0.0,0.0,0.0,0.0,0.0,0.0
5.974,0.0,0.0,0.0,0.0,0.0,0.0
5.995,0.0,0.0,0.0,0.0,0.0,0.0
6.016,0.0,0.0,0.0,0.0,0.0,0.0
6.037,0.0,0.0,0.0,0.0,0.0,0.0
6.085,0.0,0.0,0.0,0.0,0.0,0.0
6.106,0.0,0.0,0.0,0.0,0.0,0.0
6.127,0.0,0.0,0.0,0.0,0.0,0.0
6.148,0.0,0.0,0.0,0.0,0.0,0.0
6.183,0.0,0.0,0.0,0.0,0.0,0.0
6.204,0.0,0.0,0.0,0.0,0.0,0.0
6.225,0.0,0.0,0.0,0.0,0.0,0.0
6.246,0.0,0.0,0.0,0.0,0.0,0.0
6.267,0.0,0.0,0.0,0.0,0.0,0.0
6.301,0.0,0.0,0.0,0.0,0.0,0.0
6.322,0.0,0.0,0.0,0.0,0.0,0.0
6.343,0.0,0.0,0.0,0.0,0.0,0.0
6.364,0.0,0.0,0.0,0.0,0.0,0.0
6.385,0.0,0.0,0.0,0.0,0.0,0.0
6.419,0.0,0.0,0.0,0.0,0.0,0.0
6.44,0.0,0.0,0.0,0.0,0.0,0.0
6.461,0.0,0.0,0.0,0.0,0.0,0.0
6.482,0.0,0.0,0.0,0.0,0.0,0.0
6.503,0.0,0.0,0.0,0.0,0.0,0.0
6.537,0.0,0.0,0.0,0.0,0.0,0.0
6.558,0.0,0.0,0.0,0.0,0.0,0.0
6.579,0.0,0.0,0.0,0.0,0.0,0.0
6.6,0.0,0.0,0.0,0.0,0.0,0.0
6.621,0.0,0.0,0.0,0.0,0.0,0.0
6.652,0.0,0.0,0.0,0.0,0.0,0.0
6.673,0.0,0.0,0.0,0.0,0.0,0.0
6.694,0.0,0.0,0.0,0.0,0.0,0.0
6.715,0.0,0.0,0.0,0.0,0.0,0.0
6.736,0.0,0.0,0.0,0.0,0.0,0.0
6.771,0.0,0.0,0.0,0.0,0.0,0.0
6.791,0.0,0.0,0.0,0.0,0.0,0.0
6.812,0.0,0.0,0.0,0.0,0.0,0.0
6.834,0.0,0.0,0.0,0.0,0.0,0.0
6.855,0.0,0.0,0.0,0.0,0.0,0.0
6.889,0.0,0.0,0.0,0.0,0.0,0.0
6.909,0.0,0.0,0.0,0.0,0.0,0.0
6.93,0.0,0.0,0.0,0.0,0.0,0.0
6.951,0.0,0.0,0.0,0.0,0.0,0.0
6.972,0.0,0.0,0.0,0.0,0.0,0.0
7.006,0.0,0.0,0.0,0.0,0.0,0.0
7.027,0.0,0.0,0.0,0.0,0.0,0.0
7.048,0.0,0.0,0.0,0.0,0.0,0.0
7.069,0.0,0.0,0.0,0.0,0.0,0.0
7.09,0.0,0.0,0.0,0.0,0.0,0.0
7.129,0.0,0.0,0.0,0.0,0.0,0.0
7.15,0.0,0.0,0.0,0.0,0.0,0.0
7.171,0.0,0.0,0.0,0.0,0.0,0.0
7.192,0.0,0.0,0.0,0.0,0.0,0.0
7.229,0.0,0.0,0.0,0.0,0.0,0.0
7.25,0.0,0.0,0.0,0.0,0.0,0.0
7.271,0.0,0.0,0.0,0.0,0.0,0.0
7.292,0.0,0.0,0.0,0.0,0.0,0.0
7.313,0.0,0.0,0.0,0.0,0.0,0.0
7.347,0.0,0.0,0.0,0.0,0.0,0.0
7.368,0.0,0.0,0.0,0.0,0.0,0.0
7.389,0.0,0.0,0.0,0.0,0.0,0.0
7.41,0.0,0.0,0.0,0.0,0.0,0.0
7.431,0.0,0.0,0.0,0.0,0.0,0.0
7.467,0.0,0.0,0.0,0.0,0.0,0.0
7.488,0.0,0.0,0.0,0.0,0.0,0.0
7.509,0.0,0.0,0.0,0.0,0.0,0.0
7.53,0.0,0.0,0.0,0.0,0.0,0.0
7.551,0.0,0.0,0.0,0.0,0.0,0.0
7.584,0.0,0.0,0.0,0.0,0.0,0.0
7.605,0.0,0.0,0.0,0.0,0.0,0.0
7.626,0.0,0.0,0.0,0.0,0.0,0.0
7.648,0.0,0.0,0.0,0.0,0.0,0.0
7.669,0.0,0.0,0.0,0.0,0.0,0.0
7.703,0.0,0.0,0.0,0.0,0.0,0.0
7.724,0.0,0.0,0.0,0.0,0.0,0.0
7.745,0.0,0.0,0.0,0.0,0.0,0.0
7.766,0.0,0.0,0.0,0.0,0.0,0.0
7.787,0.0,0.0,0.0,0.0,0.0,0.0
7.821,0.0,0.0,0.0,0.0,0.0,0.0
7.842,0.0,0.0,0.0,0.0,0.0,0.0
7.863,0.0,0.0,0.0,0.0,0.0,0.0
7.884,0.0,0.0,0.0,0.0,0.0,0.0
7.905,0.0,0.0,0.0,0.0,0.0,0.0
7.936,0.0,0.0,0.0,0.0,0.0,0.0
7.957,0.0,0.0,0.0,0.0,0.0,0.0
7.978,0.0,0.0,0.0,0.0,0.0,0.0
7.999,0.0,0.0,0.0,0.0,0.0,0.0
8.02,0.0,0.0,0.0,0.0,0.0,0.0
8.057,0.0,0.0,0.0,0.0,0.0,0.0
8.078,0.0,0.0,0.0,0.0,0.0,0.0
8.099,0.0,0.0,0.0,0.0,0.0,0.0
8.12,0.0,0.0,0.0,0.0,0.0,0.0
8.141,0.0,0.0,0.0,0.0,0.0,0.0
8.175,0.0,0.0,0.0,0.0,0.0,0.0
8.196,0.0,0.0,0.0,0.0,0.0,0.0
8.217,0.0,0.0,0.0,0.0,0.0,0.0
8.238,0.0,0.0,0.0,0.0,0.0,0.0
8.259,0.0,0.0,0.0,0.0,0.0,0.0
8.279,0.0,0.0,0.0,0.0,0.0,0.0
8.3,0.0,0.0,0.0,0.0,0.0,0.0
8.321,0.0,0.0,0.0,0.0,0.0,0.0
8.342,0.0,0.0,0.0,0.0,0.0,0.0
8.362,0.0,0.0,0.0,0.0,0.0,0.0
8.407,0.0,0.0,0.0,0.0,0.0,0.0
8.428,0.0,0.0,0.0,0.0,0.0,0.0
8.449,0.0,0.0,0.0,0.0,0.0,0.0
8.47,0.0,0.0,0.0,0.0,0.0,0.0
8.503,0.0,0.0,0.0,0.0,0.0,0.0
8.524,0.0,0.0,0.0,0.0,0.0,0.0
8.545,0.0,0.0,0.0,0.0,0.0,0.0
8.566,0.0,0.0,0.0,0.0,0.0,0.0
8.587,0.0,0.0,0.0,0.0,0.0,0.0
8.619,0.0,0.0,0.0,0.0,0.0,0.0
8.64,0.0,0.0,0.0,0.0,0.0,0.0
8.661,0.0,0.0,0.0,0.0,0.0,0.0
8.682,0.0,0.0,0.0,0.0,0.0,0.0
8.703,0.0,0.0,0.0,0.0,0.0,0.0
8.736,0.0,0.0,0.0,0.0,0.0,0.0
8.757,0.0,0.0,0.0,0.0,0.0,0.0
8.778,0.0,0.0,0.0,0.0,0.0,0.0
8.799,0.0,0.0,0.0,0.0,0.0,0.0
8.82,0.0,0.0,0.0,0.0,0.0,0.0
8.853,0.0,0.0,0.0,0.0,0.0,0.0
8.874,0.0,0.0,0.0,0.0,0.0,0.0
8.895,0.0,0.0,0.0,0.0,0.0,0.0
8.916,0.0,0.0,0.0,0.0,0.0,0.0
8.937,0.0,0.0,0.0,0.0,0.0,0.0
8.97,0.0,0.0,0.0,0.0,0.0,0.0
8.991,0.0,0.0,0.0,0.0,0.0,0.0
9.012,0.0,0.0,0.0,0.0,0.0,0.0
9.033,0.0,0.0,0.0,0.0,0.0,0.0
9.054,0.0,0.0,0.0,0.0,0.0,0.0
9.087,0.0,0.0,0.0,0.0,0.0,0.0
9.108,0.0,0.0,0.0,0.0,0.0,0.0
9.129,0.0,0.0,0.0,0.0,0.0,0.0
9.15,0.0,0.0,0.0,0.0,0.0,0.0
9.171,0.0,0.0,0.0,0.0,0.0,0.0
9.203,0.0,0.0,0.0,0.0,0.0,0.0
9.224,0.0,0.0,0.0,0.0,0.0,0.0
9.245,0.0,0.0,0.0,0.0,0.0,0.0
9.266,0.0,0.0,0.0,0.0,0.0,0.0
9.287,0.0,0.0,0.0,0.0,0.0,0.0
9.32,0.0,0.0,0.0,0.0,0.0,0.0
9.341,0.0,0.0,0.0,0.0,0.0,0.0
9.362,0.0,0.0,0.0,0.0,0.0,0.0
9.383,0.0,0.0,0.0,0.0,0.0,0.0
9.404,0.0,0.0,0.0,0.0,0.0,0.0
9.437,0.0,0.0,0.0,0.0,0.0,0.0
9.458,0.0,0.0,0.0,0.0,0.0,0.0
9.479,0.0,0.0,0.0,0.0,0.0,0.0
9.5,0.0,0.0,0.0,0.0,0.0,0.0
9.52,0.0,0.0,0.0,0.0,0.0,0.0
9.553,0.0,0.0,0.0,0.0,0.0,0.0
9.574,0.0,0.0,0.0,0.0,0.0,0.0
9.595,0.0,0.0,0.0,0.0,0.0,0.0
9.616,0.0,0.0,0.0,0.0,0.0,0.0
9.637,0.0,0.0,0.0,0.0,0.0,0.0
9.67,0.0,0.0,0.0,0.0,0.0,0.0
9.691,0.0,0.0,0.0,0.0,0.0,0.0
9.712,0.0,0.0,0.0,0.0,0.0,0.0
9.733,0.0,0.0,0.0,0.0,0.0,0.0
9.754,0.0,0.0,0.0,0.0,0.0,0.0
9.788,0.0,0.0,0.0,0.0,0.0,0.0
9.809,0.0,0.0,0.0,0.0,0.0,0.0
9.83,0.0,0.0,0.0,0.0,0.0,0.0
9.851,0.0,0.0,0.0,0.0,0.0,0.0
9.872,0.0,0.0,0.0,0.0,0.0,0.0
9.905,0.0,0.0,0.0,0.0,0.0,0.0
9.926,0.0,0.0,0.0,0.0,0.0,0.0
9.947,0.0,0.0,0.0,0.0,0.0,0.0
9.968,0.0,0.0,0.0,0.0,0.0,0.0
9.989,0.0,0.0,0.0,0.0,0.0,0.0
10.022,0.0,0.0,0.0,0.0,0.0,0.0
10.043,0.0,0.0,0.0,0.0,0.0,0.0
10.064,0.0,0.0,0.0,0.0,0.0,0.0
10.085,0.0,0.0,0.0,0.0,0.0,0.0
10.106,0.0,0.0,0.0,0.0,0.0,0.0
10.139,0.0,0.0,0.0,0.0,0.0,0.0
10.16,0.0,0.0,0.0,0.0,0.0,0.0
10.181,0.0,0.0,0.0,0.0,0.0,0.0
10.202,0.0,0.0,0.0,0.0,0.0,0.0
10.223,0.0,0.0,0.0,0.0,0.0,0.0
10.256,0.0,0.0,0.0,0.0,0.0,0.0
10.277,0.0,0.0,0.0,0.0,0.0,0.0
10.298,0.0,0.0,0.0,0.0,0.0,0.0
10.319,0.0,0.0,0.0,0.0,0.0,0.0
10.34,0.0,0.0,0.0,0.0,0.0,0.0
10.373,0.0,0.0,0.0,0.0,0.0,0.0
10.394,0.0,0.0,0.0,0.0,0.0,0.0
10.415,0.0,0.0,0.0,0.0,0.0,0.0
10.436,0.0,0.0,0.0,0.0,0.0,0.0
10.457,0.0,0.0,0.0,0.0,0.0,0.0
10.49,0.0,0.0,0.0,0.0,0.0,0.0
10.511,0.0,0.0,0.0,0.0,0.0,0.0
10.532,0.0,0.0,0.0,0.0,0.0,0.0
10.553,0.0,0.0,0.0,0.0,0.0,0.0
10.574,0.0,0.0,0.0,0.0,0.0,0.0
10.608,0.0,0.0,0.0,0.0,0.0,0.0
10.629,0.0,0.0,0.0,0.0,0.0,0.0
10.65,0.0,0.0,0.0,0.0,0.0,0.0
10.671,0.0,0.0,0.0,0.0,0.0,0.0
10.692,0.0,0.0,0.0,0.0,0.0,0.0
10.724,0.0,0.0,0.0,0.0,0.0,0.0
10.745,0.0,0.0,0.0,0.0,0.0,0.0
10.766,0.0,0.0,0.0,0.0,0.0,0.0
10.787,0.0,0.0,0.0,0.0,0.0,0.0
10.808,0.0,0.0,0.0,0.0,0.0,0.0
10.841,0.0,0.0,0.0,0.0,0.0,0.0
10.862,0.0,0.0,0.0,0.0,0.0,0.0
10.883,0.0,0.0,0.0,0.0,0.0,0.0
10.904,0.0,0.0,0.0,0.0,0.0,0.0
10.925,0.0,0.0,0.0,0.0,0.0,0.0
10.957,0.0,0.0,0.0,0.0,0.0,0.0
10.978,0.0,0.0,0.0,0.0,0.0,0.0
10.999,0.0,0.0,0.0,0.0,0.0,0.0
11.021,0.0,0.0,0.0,0.0,0.0,0.0
11.042,0.0,0.0,0.0,0.0,0.0,0.0
11.074,0.0,0.0,0.0,0.0,0.0,0.0
11.095,0.0,0.0,0.0,0.0,0.0,0.0
11.116,0.0,0.0,0.0,0.0,0.0,0.0
11.137,0.0,0.0,0.0,0.0,0.0,0.0
11.158,0.0,0.0,0.0,0.0,0.0,0.0
11.191,0.0,0.0,0.0,0.0,0.0,0.0
11.212,0.0,0.0,0.0,0.0,0.0,0.0
11.233,0.0,0.0,0.0,0.0,0.0,0.0
11.254,0.0,0.0,0.0,0.0,0.0,0.0
11.275,0.0,0.0,0.0,0.0,0.0,0.0
11.307,0.0,0.0,0.0,0.0,0.0,0.0
11.328,0.0,0.0,0.0,0.0,0.0,0.0
11.349,0.0,0.0,0.0,0.0,0.0,0.0
11.37,0.0,0.0,0.0,0.0,0.0,0.0
11.391,0.0,0.0,0.0,0.0,0.0,0.0
11.424,0.0,0.0,0.0,0.0,0.0,0.0
11.445,0.0,0.0,0.0,0.0,0.0,0.0
11.466,0.0,0.0,0.0,0.0,0.0,0.0
11.487,0.0,0.0,0.0,0.0,0.0,0.0
11.508,0.0,0.0,0.0,0.0,0.0,0.0
11.541,0.0,0.0,0.0,0.0,0.0,0.0
11.562,0.0,0.0,0.0,0.0,0.0,0.0
11.583,0.0,0.0,0.0,0.0,0.0,0.0
11.604,0.0,0.0,0.0,0.0,0.0,0.0
11.625,0.0,0.0,0.0,0.0,0.0,0.0
11.659,0.0,0.0,0.0,0.0,0.0,0.0
11.68,0.0,0.0,0.0,0.0,0.0,0.0
11.701,0.0,0.0,0.0,0.0,0.0,0.0
11.722,0.0,0.0,0.0,0.0,0.0,0.0
11.743,0.0,0.0,0.0,0.0,0.0,0.0
11.776,0.0,0.0,0.0,0.0,0.0,0.0
11.797,0.0,0.0,0.0,0.0,0.0,0.0
11.818,0.0,0.0,0.0,0.0,0.0,0.0
11.839,0.0,0.0,0.0,0.0,0.0,0.0
11.86,0.0,0.0,0.0,0.0,0.0,0.0
11.895,0.0,0.0,0.0,0.0,0.0,0.0
11.916,0.0,0.0,0.0,0.0,0.0,0.0
11.937,0.0,0.0,0.0,0.0,0.0,0.0
11.958,0.0,0.0,0.0,0.0,0.0,0.0
11.979,0.0,0.0,0.0,0.0,0.0,0.0
12.013,0.0,0.0,0.0,0.0,0.0,0.0
12.034,0.0,0.0,0.0,0.0,0.0,0.0
12.055,0.0,0.0,0.0,0.0,0.0,0.0
12.076,0.0,0.0,0.0,0.0,0.0,0.0
12.097,0.0,0.0,0.0,0.0,0.0,0.0
12.13,0.0,0.0,0.0,0.0,0.0,0.0
12.151,0.0,0.0,0.0,0.0,0.0,0.0
12.173,0.0,0.0,0.0,0.0,0.0,0.0
12.194,0.0,0.0,0.0,0.0,0.0,0.0
12.215,0.0,0.0,0.0,0.0,0.0,0.0
12.248,0.0,0.0,0.0,0.0,0.0,0.0
12.269,0.0,0.0,0.0,0.0,0.0,0.0
12.29,0.0,0.0,0.0,0.0,0.0,0.0
12.31,0.0,0.0,0.0,0.0,0.0,0.0
12.331,0.0,0.0,0.0,0.0,0.0,0.0
12.364,0.0,0.0,0.0,0.0,0.0,0.0
12.385,0.0,0.0,0.0,0.0,0.0,0.0
12.406,0.0,0.0,0.0,0.0,0.0,0.0
12.427,0.0,0.0,0.0,0.0,0.0,0.0
12.448,0.0,0.0,0.0,0.0,0.0,0.0
12.481,0.0,0.0,0.0,0.0,0.0,0.0
12.502,0.0,0.0,0.0,0.0,0.0,0.0
12.523,0.0,0.0,0.0,0.0,0.0,0.0
12.544,0.0,0.0,0.0,0.0,0.0,0.0
12.565,0.0,0.0,0.0,0.0,0.0,0.0
12.599,0.0,0.0,0.0,0.0,0.0,0.0
12.62,0.0,0.0,0.0,0.0,0.0,0.0
12.641,0.0,0.0,0.0,0.0,0.0,0.0
12.662,0.0,0.0,0.0,0.0,0.0,0.0
12.683,0.0,0.0,0.0,0.0,0.0,0.0
12.716,0.0,0.0,0.0,0.0,0.0,0.0
12.737,0.0,0.0,0.0,0.0,0.0,0.0
12.758,0.0,0.0,0.0,0.0,0.0,0.0
12.779,0.0,0.0,0.0,0.0,0.0,0.0
12.8,0.0,0.0,0.0,0.0,0.0,0.0
12.833,0.0,0.0,0.0,0.0,0.0,0.0
12.854,0.0,0.0,0.0,0.0,0.0,0.0
12.875,0.0,0.0,0.0,0.0,0.0,0.0
12.896,0.0,0.0,0.0,0.0,0.0,0.0
12.917,0.0,0.0,0.0,0.0,0.0,0.0
12.951,0.0,0.0,0.0,0.0,0.0,0.0
12.972,0.0,0.0,0.0,0.0,0.0,0.0
12.993,0.0,0.0,0.0,0.0,0.0,0.0
13.014,0.0,0.0,0.0,0.0,0.0,0.0
13.035,0.0,0.0,0.0,0.0,0.0,0.0
13.069,0.0,0.0,0.0,0.0,0.0,0.0
13.09,0.0,0.0,0.0,0.0,0.0,0.0
13.111,0.0,0.0,0.0,0.0,0.0,0.0
13.132,0.0,0.0,0.0,0.0,0.0,0.0
13.153,0.0,0.0,0.0,0.0,0.0,0.0
13.187,0.0,0.0,0.0,0.0,0.0,0.0
13.208,0.0,0.0,0.0,0.0,0.0,0.0
13.229,0.0,0.0,0.0,0.0,0.0,0.0
13.25,0.0,0.0,0.0,0.0,0.0,0.0
13.271,0.0,0.0,0.0,0.0,0.0,0.0
13.305,0.0,0.0,0.0,0.0,0.0,0.0
13.326,0.0,0.0,0.0,0.0,0.0,0.0
13.347,0.0,0.0,0.0,0.0,0.0,0.0
13.368,0.0,0.0,0.0,0.0,0.0,0.0
13.389,0.0,0.0,0.0,0.0,0.0,0.0
13.423,0.0,0.0,0.0,0.0,0.0,0.0
13.444,0.0,0.0,0.0,0.0,0.0,0.0
13.465,0.0,0.0,0.0,0.0,0.0,0.0
13.486,0.0,0.0,0.0,0.0,0.0,0.0
13.507,0.0,0.0,0.0,0.0,0.0,0.0
13.541,0.0,0.0,0.0,0.0,0.0,0.0
13.562,0.0,0.0,0.0,0.0,0.0,0.0
13.583,0.0,0.0,0.0,0.0,0.0,0.0
13.604,0.0,0.0,0.0,0.0,0.0,0.0
13.625,0.0,0.0,0.0,0.0,0.0,0.0
13.66,0.0,0.0,0.0,0.0,0.0,0.0
13.681,0.0,0.0,0.0,0.0,0.0,0.0
13.702,0.0,0.0,0.0,0.0,0.0,0.0
13.723,0.0,0.0,0.0,0.0,0.0,0.0
13.744,0.0,0.0,0.0,0.0,0.0,0.0
13.778,0.0,0.0,0.0,0.0,0.0,0.0
13.799,0.0,0.0,0.0,0.0,0.0,0.0
13.82,0.0,0.0,0.0,0.0,0.0,0.0
13.841,0.0,0.0,0.0,0.0,0.0,0.0
13.862,0.0,0.0,0.0,0.0,0.0,0.0
13.897,0.0,0.0,0.0,0.0,0.0,0.0
13.918,0.0,0.0,0.0,0.0,0.0,0.0
13.939,0.0,0.0,0.0,0.0,0.0,0.0
13.96,0.0,0.0,0.0,0.0,0.0,0.0
13.981,0.0,0.0,0.0,0.0,0.0,0.0
14.017,0.0,0.0,0.0,0.0,0.0,0.0
14.038,0.0,0.0,0.0,0.0,0.0,0.0
14.059,0.0,0.0,0.0,0.0,0.0,0.0
14.08,0.0,0.0,0.0,0.0,0.0,0.0
14.101,0.0,0.0,0.0,0.0,0.0,0.0
14.133,0.0,0.0,0.0,0.0,0.0,0.0
14.154,0.0,0.0,0.0,0.0,0.0,0.0
14.175,0.0,0.0,0.0,0.0,0.0,0.0
14.196,0.0,0.0,0.0,0.0,0.0,0.0
14.217,0.0,0.0,0.0,0.0,0.0,0.0
14.255,0.0,0.0,0.0,0.0,0.0,0.0
14.275,0.0,0.0,0.0,0.0,0.0,0.0
14.296,0.0,0.0,0.0,0.0,0.0,0.0
14.317,0.0,0.0,0.0,0.0,0.0,0.0
14.338,0.0,0.0,0.0,0.0,0.0,0.0
14.372,0.0,0.0,0.0,0.0,0.0,0.0
14.393,0.0,0.0,0.0,0.0,0.0,0.0
14.414,0.0,0.0,0.0,0.0,0.0,0.0
14.435,0.0,0.0,0.0,0.0,0.0,0.0
14.456,0.0,0.0,0.0,0.0,0.0,0.0
14.49,0.0,0.0,0.0,0.0,0.0,0.0
14.511,0.0,0.0,0.0,0.0,0.0,0.0
14.532,0.0,0.0,0.0,0.0,0.0,0.0
14.553,0.0,0.0,0.0,0.0,0.0,0.0
14.574,0.0,0.0,0.0,0.0,0.0,0.0
14.608,0.0,0.0,0.0,0.0,0.0,0.0
14.629,0.0,0.0,0.0,0.0,0.0,0.0
14.65,0.0,0.0,0.0,0.0,0.0,0.0
14.671,0.0,0.0,0.0,0.0,0.0,0.0
14.692,0.0,0.0,0.0,0.0,0.0,0.0
14.726,0.0,0.0,0.0,0.0,0.0,0.0
14.746,0.0,0.0,0.0,0.0,0.0,0.0
14.767,0.0,0.0,0.0,0.0,0.0,0.0
14.788,0.0,0.0,0.0,0.0,0.0,0.0
14.809,0.0,0.0,0.0,0.0,0.0,0.0
14.843,0.0,0.0,0.0,0.0,0.0,0.0
14.864,0.0,0.0,0.0,0.0,0.0,0.0
14.885,0.0,0.0,0.0,0.0,0.0,0.0
14.906,0.0,0.0,0.0,0.0,0.0,0.0
14.927,0.0,0.0,0.0,0.0,0.0,0.0
14.961,0.0,0.0,0.0,0.0,0.0,0.0
14.982,0.0,0.0,0.0,0.0,0.0,0.0
15.003,0.0,0.0,0.0,0.0,0.0,0.0
15.024,0.0,0.0,0.0,0.0,0.0,0.0
15.045,0.0,0.0,0.0,0.0,0.0,0.0
15.08,0.0,0.0,0.0,0.0,0.0,0.0
15.101,0.0,0.0,0.0,0.0,0.0,0.0
15.122,0.0,0.0,0.0,0.0,0.0,0.0
15.143,0.0,0.0,0.0,0.0,0.0,0.0
15.164,0.0,0.0,0.0,0.0,0.0,0.0
15.197,0.0,0.0,0.0,0.0,0.0,0.0
15.218,0.0,0.0,0.0,0.0,0.0,0.0
15.239,0.0,0.0,0.0,0.0,0.0,0.0
15.26,0.0,0.0,0.0,0.0,0.0,0.0
15.281,0.0,0.0,0.0,0.0,0.0,0.0
15.316,0.0,0.0,0.0,0.0,0.0,0.0
15.337,0.0,0.0,0.0,0.0,0.0,0.0
15.358,0.0,0.0,0.0,0.0,0.0,0.0
15.379,0.0,0.0,0.0,0.0,0.0,0.0
15.4,0.0,0.0,0.0,0.0,0.0,0.0
15.434,0.0,0.0,0.0,0.0,0.0,0.0
15.455,0.0,0.0,0.0,0.0,0.0,0.0
15.475,0.0,0.0,0.0,0.0,0.0,0.0
15.496,0.0,0.0,0.0,0.0,0.0,0.0
15.516,0.0,0.0,0.0,0.0,0.0,0.0
15.552,0.0,0.0,0.0,0.0,0.0,0.0
15.573,0.0,0.0,0.0,0.0,0.0,0.0
15.594,0.0,0.0,0.0,0.0,0.0,0.0
15.615,0.0,0.0,0.0,0.0,0.0,0.0
15.635,0.0,0.0,0.0,0.0,0.0,0.0
15.67,0.0,0.0,0.0,0.0,0.0,0.0
15.691,0.0,0.0,0.0,0.0,0.0,0.0
15.712,0.0,0.0,0.0,0.0,0.0,0.0
15.733,0.0,0.0,0.0,0.0,0.0,0.0
15.754,0.0,0.0,0.0,0.0,0.0,0.0
15.788,0.0,0.0,0.0,0.0,0.0,0.0
15.809,0.0,0.0,0.0,0.0,0.0,0.0
15.83,0.0,0.0,0.0,0.0,0.0,0.0
15.851,0.0,0.0,0.0,0.0,0.0,0.0
15.872,0.0,0.0,0.0,0.0,0.0,0.0
15.905,0.0,0.0,0.0,0.0,0.0,0.0
15.926,0.0,0.0,0.0,0.0,0.0,0.0
15.947,0.0,0.0,0.0,0.0,0.0,0.0
15.968,0.0,0.0,0.0,0.0,0.0,0.0
15.989,0.0,0.0,0.0,0.0,0.0,0.0
16.023,0.0,0.0,0.0,0.0,0.0,0.0
16.044,0.0,0.0,0.0,0.0,0.0,0.0
16.065,0.0,0.0,0.0,0.0,0.0,0.0
16.086,0.0,0.0,0.0,0.0,0.0,0.0
16.107,0.0,0.0,0.0,0.0,0.0,0.0
16.142,0.0,0.0,0.0,0.0,0.0,0.0
16.162,0.0,0.0,0.0,0.0,0.0,0.0
16.183,0.0,0.0,0.0,0.0,0.0,0.0
16.204,0.0,0.0,0.0,0.0,0.0,0.0
16.225,0.0,0.0,0.0,0.0,0.0,0.0
16.259,0.0,0.0,0.0,0.0,0.0,0.0
16.28,0.0,0.0,0.0,0.0,0.0,0.0
16.301,0.0,0.0,0.0,0.0,0.0,0.0
16.322,0.0,0.0,0.0,0.0,0.0,0.0
16.343,0.0,0.0,0.0,0.0,0.0,0.0
16.378,0.0,0.0,0.0,0.0,0.0,0.0
16.399,0.0,0.0,0.0,0.0,0.0,0.0
16.42,0.0,0.0,0.0,0.0,0.0,0.0
16.441,0.0,0.0,0.0,0.0,0.0,0.0
16.462,0.0,0.0,0.0,0.0,0.0,0.0
16.497,0.0,0.0,0.0,0.0,0.0,0.0
16.518,0.0,0.0,0.0,0.0,0.0,0.0
16.539,0.0,0.0,0.0,0.0,0.0,0.0
16.56,0.0,0.0,0.0,0.0,0.0,0.0
16.581,0.0,0.0,0.0,0.0,0.0,0.0
16.615,0.0,0.0,0.0,0.0,0.0,0.0
16.636,0.0,0.0,0.0,0.0,0.0,0.0
16.657,0.0,0.0,0.0,0.0,0.0,0.0
16.678,0.0,0.0,0.0,0.0,0.0,0.0
16.699,0.0,0.0,0.0,0.0,0.0,0.0
16.733,0.0,0.0,0.0,0.0,0.0,0.0
16.754,0.0,0.0,0.0,0.0,0.0,0.0
16.775,0.0,0.0,0.0,0.0,0.0,0.0
16.796,0.0,0.0,0.0,0.0,0.0,0.0
16.817,0.0,0.0,0.0,0.0,0.0,0.0
16.852,0.0,0.0,0.0,0.0,0.0,0.0
16.873,0.0,0.0,0.0,0.0,0.0,0.0
16.894,0.0,0.0,0.0,0.0,0.0,0.0
16.915,0.0,0.0,0.0,0.0,0.0,0.0
16.936,0.0,0.0,0.0,0.0,0.0,0.0
16.971,0.0,0.0,0.0,0.0,0.0,0.0
16.992,0.0,0.0,0.0,0.0,0.0,0.0
17.013,0.0,0.0,0.0,0.0,0.0,0.0
17.034,0.0,0.0,0.0,0.0,0.0,0.0
17.055,0.0,0.0,0.0,0.0,0.0,0.0
17.089,0.0,0.0,0.0,0.0,0.0,0.0
17.11,0.0,0.0,0.0,0.0,0.0,0.0
17.131,0.0,0.0,0.0,0.0,0.0,0.0
17.152,0.0,0.0,0.0,0.0,0.0,0.0
17.173,0.0,0.0,0.0,0.0,0.0,0.0
17.208,0.0,0.0,0.0,0.0,0.0,0.0
17.229,0.0,0.0,0.0,0.0,0.0,0.0
17.25,0.0,0.0,0.0,0.0,0.0,0.0
17.271,0.0,0.0,0.0,0.0,0.0,0.0
17.292,0.0,0.0,0.0,0.0,0.0,0.0
17.327,0.0,0.0,0.0,0.0,0.0,0.0
17.348,0.0,0.0,0.0,0.0,0.0,0.0
17.369,0.0,0.0,0.0,0.0,0.0,0.0
17.39,0.0,0.0,0.0,0.0,0.0,0.0
17.411,0.0,0.0,0.0,0.0,0.0,0.0
17.445,0.0,0.0,0.0,0.0,0.0,0.0
17.466,0.0,0.0,0.0,0.0,0.0,0.0
17.487,0.0,0.0,0.0,0.0,0.0,0.0
17.508,0.0,0.0,0.0,0.0,0.0,0.0
17.529,0.0,0.0,0.0,0.0,0.0,0.0
17.564,0.0,0.0,0.0,0.0,0.0,0.0
17.585,0.0,0.0,0.0,0.0,0.0,0.0
17.606,0.0,0.0,0.0,0.0,0.0,0.0
17.627,0.0,0.0,0.0,0.0,0.0,0.0
17.648,0.0,0.0,0.0,0.0,0.0,0.0
17.683,0.0,0.0,0.0,0.0,0.0,0.0
17.704,0.0,0.0,0.0,0.0,0.0,0.0
17.725,0.0,0.0,0.0,0.0,0.0,0.0
17.746,0.0,0.0,0.0,0.0,0.0,0.0
17.767,0.0,0.0,0.0,0.0,0.0,0.0
17.802,0.0,0.0,0.0,0.0,0.0,0.0
17.823,0.0,0.0,0.0,0.0,0.0,0.0
17.844,0.0,0.0,0.0,0.0,0.0,0.0
17.865,0.0,0.0,0.0,0.0,0.0,0.0
17.886,0.0,0.0,0.0,0.0,0.0,0.0
17.921,0.0,0.0,0.0,0.0,0.0,0.0
17.942,0.0,0.0,0.0,0.0,0.0,0.0
17.963,0.0,0.0,0.0,0.0,0.0,0.0
17.984,0.0,0.0,0.0,0.0,0.0,0.0
18.005,0.0,0.0,0.0,0.0,0.0,0.0
18.04,0.0,0.0,0.0,0.0,0.0,0.0
18.061,0.0,0.0,0.0,0.0,0.0,0.0
18.082,0.0,0.0,0.0,0.0,0.0,0.0
18.103,0.0,0.0,0.0,0.0,0.0,0.0
18.124,0.0,0.0,0.0,0.0,0.0,0.0
18.159,0.0,0.0,0.0,0.0,0.0,0.0
18.18,0.0,0.0,0.0,0.0,0.0,0.0
18.201,0.0,0.0,0.0,0.0,0.0,0.0
18.222,0.0,0.0,0.0,0.0,0.0,0.0
18.243,0.0,0.0,0.0,0.0,0.0,0.0
18.278,0.0,0.0,0.0,0.0,0.0,0.0
18.298,0.0,0.0,0.0,0.0,0.0,0.0
18.319,0.0,0.0,0.0,0.0,0.0,0.0
18.34,0.0,0.0,0.0,0.0,0.0,0.0
18.361,0.0,0.0,0.0,0.0,0.0,0.0
18.396,0.0,0.0,0.0,0.0,0.0,0.0
18.416,0.0,0.0,0.0,0.0,0.0,0.0
18.438,0.0,0.0,0.0,0.0,0.0,0.0
18.459,0.0,0.0,0.0,0.0,0.0,0.0
18.48,0.0,0.0,0.0,0.0,0.0,0.0
18.515,0.0,0.0,0.0,0.0,0.0,0.0
18.535,0.0,0.0,0.0,0.0,0.0,0.0
18.556,0.0,0.0,0.0,0.0,0.0,0.0
18.577,0.0,0.0,0.0,0.0,0.0,0.0
18.598,0.0,0.0,0.0,0.0,0.0,0.0
18.63,0.0,0.0,0.0,0.0,0.0,0.0
18.651,0.0,0.0,0.0,0.0,0.0,0.0
18.672,0.0,0.0,0.0,0.0,0.0,0.0
18.693,0.0,0.0,0.0,0.0,0.0,0.0
18.715,0.0,0.0,0.0,0.0,0.0,0.0
18.748,0.0,0.0,0.0,0.0,0.0,0.0
18.769,0.0,0.0,0.0,0.0,0.0,0.0
18.79,0.0,0.0,0.0,0.0,0.0,0.0
18.811,0.0,0.0,0.0,0.0,0.0,0.0
18.832,0.0,0.0,0.0,0.0,0.0,0.0
18.866,0.0,0.0,0.0,0.0,0.0,0.0
18.887,0.0,0.0,0.0,0.0,0.0,0.0
18.908,0.0,0.0,0.0,0.0,0.0,0.0
18.929,0.0,0.0,0.0,0.0,0.0,0.0
18.95,0.0,0.0,0.0,0.0,0.0,0.0
18.983,0.0,0.0,0.0,0.0,0.0,0.0
19.004,0.0,0.0,0.0,0.0,0.0,0.0
19.025,0.0,0.0,0.0,0.0,0.0,0.0
19.047,0.0,0.0,0.0,0.0,0.0,0.0
19.068,0.0,0.0,0.0,0.0,0.0,0.0
19.101,0.0,0.0,0.0,0.0,0.0,0.0
19.122,0.0,0.0,0.0,0.0,0.0,0.0
19.143,0.0,0.0,0.0,0.0,0.0,0.0
19.164,0.0,0.0,0.0,0.0,0.0,0.0
19.185,0.0,0.0,0.0,0.0,0.0,0.0
19.221,0.0,0.0,0.0,0.0,0.0,0.0
19.242,0.0,0.0,0.0,0.0,0.0,0.0
19.263,0.0,0.0,0.0,0.0,0.0,0.0
19.284,0.0,0.0,0.0,0.0,0.0,0.0
19.305,0.0,0.0,0.0,0.0,0.0,0.0
19.339,0.0,0.0,0.0,0.0,0.0,0.0
19.36,0.0,0.0,0.0,0.0,0.0,0.0
19.382,0.0,0.0,0.0,0.0,0.0,0.0
19.403,0.0,0.0,0.0,0.0,0.0,0.0
19.424,0.0,0.0,0.0,0.0,0.0,0.0
19.458,0.0,0.0,0.0,0.0,0.0,0.0
19.479,0.0,0.0,0.0,0.0,0.0,0.0
19.5,0.0,0.0,0.0,0.0,0.0,0.0
19.521,0.0,0.0,0.0,0.0,0.0,0.0
19.542,0.0,0.0,0.0,0.0,0.0,0.0
19.578,0.0,0.0,0.0,0.0,0.0,0.0
19.599,0.0,0.0,0.0,0.0,0.0,0.0
19.62,0.0,0.0,0.0,0.0,0.0,0.0
19.641,0.0,0.0,0.0,0.0,0.0,0.0
19.662,0.0,0.0,0.0,0.0,0.0,0.0
19.696,0.0,0.0,0.0,0.0,0.0,0.0
19.717,0.0,0.0,0.0,0.0,0.0,0.0
19.738,0.0,0.0,0.0,0.0,0.0,0.0
19.759,0.0,0.0,0.0,0.0,0.0,0.0
19.78,0.0,0.0,0.0,0.0,0.0,0.0
19.815,0.0,0.0,0.0,0.0,0.0,0.0
19.836,0.0,0.0,0.0,0.0,0.0,0.0
19.857,0.0,0.0,0.0,0.0,0.0,0.0
19.878,0.0,0.0,0.0,0.0,0.0,0.0
19.899,0.0,0.0,0.0,0.0,0.0,0.0
19.933,0.0,0.0,0.0,0.0,0.0,0.0
19.954,0.0,0.0,0.0,0.0,0.0,0.0
19.974,0.0,0.0,0.0,0.0,0.0,0.0
19.995,0.0,0.0,0.0,0.0,0.0,0.0
20.016,0.0,0.0,0.0,0.0,0.0,0.0
20.047,0.0,0.0,0.0,0.0,0.0,0.0
20.068,0.0,0.0,0.0,0.0,0.0,0.0
20.089,0.0,0.0,0.0,0.0,0.0,0.0
20.11,0.0,0.0,0.0,0.0,0.0,0.0
20.131,0.0,0.0,0.0,0.0,0.0,0.0
20.165,0.0,0.0,0.0,0.0,0.0,0.0
20.186,0.0,0.0,0.0,0.0,0.0,0.0
20.207,0.0,0.0,0.0,0.0,0.0,0.0
20.228,0.0,0.0,0.0,0.0,0.0,0.0
20.249,0.0,0.0,0.0,0.0,0.0,0.0
20.282,0.0,0.0,0.0,0.0,0.0,0.0
20.303,0.0,0.0,0.0,0.0,0.0,0.0
20.324,0.0,0.0,0.0,0.0,0.0,0.0
20.345,0.0,0.0,0.0,0.0,0.0,0.0
20.366,0.0,0.0,0.0,0.0,0.0,0.0
20.401,0.0,0.0,0.0,0.0,0.0,0.0
20.421,0.0,0.0,0.0,0.0,0.0,0.0
20.442,0.0,0.0,0.0,0.0,0.0,0.0
20.463,0.0,0.0,0.0,0.0,0.0,0.0
20.484,0.0,0.0,0.0,0.0,0.0,0.0
20.52,0.0,0.0,0.0,0.0,0.0,0.0
20.541,0.0,0.0,0.0,0.0,0.0,0.0
20.562,0.0,0.0,0.0,0.0,0.0,0.0
20.583,0.0,0.0,0.0,0.0,0.0,0.0
20.604,0.0,0.0,0.0,0.0,0.0,0.0
20.636,0.0,0.0,0.0,0.0,0.0,0.0
20.657,0.0,0.0,0.0,0.0,0.0,0.0
20.678,0.0,0.0,0.0,0.0,0.0,0.0
20.699,0.0,0.0,0.0,0.0,0.0,0.0
20.72,0.0,0.0,0.0,0.0,0.0,0.0
20.755,0.0,0.0,0.0,0.0,0.0,0.0
20.776,0.0,0.0,0.0,0.0,0.0,0.0
20.797,0.0,0.0,0.0,0.0,0.0,0.0
20.818,0.0,0.0,0.0,0.0,0.0,0.0
20.839,0.0,0.0,0.0,0.0,0.0,0.0
20.876,0.0,0.0,0.0,0.0,0.0,0.0
20.897,0.0,0.0,0.0,0.0,0.0,0.0
20.918,0.0,0.0,0.0,0.0,0.0,0.0
20.939,0.0,0.0,0.0,0.0,0.0,0.0
20.96,0.0,0.0,0.0,0.0,0.0,0.0
20.981,0.0,0.0,0.0,0.0,0.0,0.0
21.002,0.0,0.0,0.0,0.0,0.0,0.0
21.023,0.0,0.0,0.0,0.0,0.0,0.0
21.044,0.0,0.0,0.0,0.0,0.0,0.0
21.086,0.0,0.0,0.0,0.0,0.0,0.0
21.107,0.0,0.0,0.0,0.0,0.0,0.0
21.128,0.0,0.0,0.0,0.0,0.0,0.0
21.149,0.0,0.0,0.0,0.0,0.0,0.0
21.182,0.0,0.0,0.0,0.0,0.0,0.0
21.203,0.0,0.0,0.0,0.0,0.0,0.0
21.224,0.0,0.0,0.0,0.0,0.0,0.0
21.245,0.0,0.0,0.0,0.0,0.0,0.0
21.266,0.0,0.0,0.0,0.0,0.0,0.0
21.3,0.0,0.0,0.0,0.0,0.0,0.0
21.321,0.0,0.0,0.0,0.0,0.0,0.0
21.342,0.0,0.0,0.0,0.0,0.0,0.0
21.363,0.0,0.0,0.0,0.0,0.0,0.0
21.384,0.0,0.0,0.0,0.0,0.0,0.0
21.418,0.0,0.0,0.0,0.0,0.0,0.0
21.439,0.0,0.0,0.0,0.0,0.0,0.0
21.46,0.0,0.0,0.0,0.0,0.0,0.0
21.481,0.0,0.0,0.0,0.0,0.0,0.0
21.502,0.0,0.0,0.0,0.0,0.0,0.0
21.537,0.0,0.0,0.0,0.0,0.0,0.0
21.558,0.0,0.0,0.0,0.0,0.0,0.0
21.579,0.0,0.0,0.0,0.0,0.0,0.0
21.6,0.0,0.0,0.0,0.0,0.0,0.0
21.621,0.0,0.0,0.0,0.0,0.0,0.0
21.656,0.0,0.0,0.0,0.0,0.0,0.0
21.677,0.0,0.0,0.0,0.0,0.0,0.0
21.698,0.0,0.0,0.0,0.0,0.0,0.0
21.719,0.0,0.0,0.0,0.0,0.0,0.0
21.74,0.0,0.0,0.0,0.0,0.0,0.0
21.775,0.0,0.0,0.0,0.0,0.0,0.0
21.796,0.0,0.0,0.0,0.0,0.0,0.0
21.816,0.0,0.0,0.0,0.0,0.0,0.0
21.838,0.0,0.0,0.0,0.0,0.0,0.0
21.858,0.0,0.0,0.0,0.0,0.0,0.0
21.893,0.0,0.0,0.0,0.0,0.0,0.0
21.914,0.0,0.0,0.0,0.0,0.0,0.0
21.935,0.0,0.0,0.0,0.0,0.0,0.0
21.956,0.0,0.0,0.0,0.0,0.0,0.0
21.977,0.0,0.0,0.0,0.0,0.0,0.0
22.015,0.0,0.0,0.0,0.0,0.0,0.0
22.036,0.0,0.0,0.0,0.0,0.0,0.0
22.057,0.0,0.0,0.0,0.0,0.0,0.0
22.078,0.0,0.0,0.0,0.0,0.0,0.0
22.113,0.0,0.0,0.0,0.0,0.0,0.0
22.134,0.0,0.0,0.0,0.0,0.0,0.0
22.154,0.0,0.0,0.0,0.0,0.0,0.0
22.175,0.0,0.0,0.0,0.0,0.0,0.0
22.196,0.0,0.0,0.0,0.0,0.0,0.0
22.232,0.0,0.0,0.0,0.0,0.0,0.0
22.253,0.0,0.0,0.0,0.0,0.0,0.0
22.274,0.0,0.0,0.0,0.0,0.0,0.0
22.294,0.0,0.0,0.0,0.0,0.0,0.0
22.315,0.0,0.0,0.0,0.0,0.0,0.0
22.352,0.0,0.0,0.0,0.0,0.0,0.0
22.373,0.0,0.0,0.0,0.0,0.0,0.0
22.394,0.0,0.0,0.0,0.0,0.0,0.0
22.415,0.0,0.0,0.0,0.0,0.0,0.0
22.435,0.0,0.0,0.0,0.0,0.0,0.0
22.472,0.0,0.0,0.0,0.0,0.0,0.0
22.493,0.0,0.0,0.0,0.0,0.0,0.0
22.514,0.0,0.0,0.0,0.0,0.0,0.0
22.535,0.0,0.0,0.0,0.0,0.0,0.0
22.556,0.0,0.0,0.0,0.0,0.0,0.0
22.591,0.0,0.0,0.0,0.0,0.0,0.0
22.612,0.0,0.0,0.0,0.0,0.0,0.0
22.633,0.0,0.0,0.0,0.0,0.0,0.0
22.654,0.0,0.0,0.0,0.0,0.0,0.0
22.675,0.0,0.0,0.0,0.0,0.0,0.0
22.711,0.0,0.0,0.0,0.0,0.0,0.0
22.732,0.0,0.0,0.0,0.0,0.0,0.0
22.753,0.0,0.0,0.0,0.0,0.0,0.0
22.774,0.0,0.0,0.0,0.0,0.0,0.0
22.795,0.0,0.0,0.0,0.0,0.0,0.0
22.829,0.0,0.0,0.0,0.0,0.0,0.0
22.85,0.0,0.0,0.0,0.0,0.0,0.0
22.871,0.0,0.0,0.0,0.0,0.0,0.0
22.892,0.0,0.0,0.0,0.0,0.0,0.0
22.913,0.0,0.0,0.0,0.0,0.0,0.0
22.949,0.0,0.0,0.0,0.0,0.0,0.0
22.97,0.0,0.0,0.0,0.0,0.0,0.0
22.991,0.0,0.0,0.0,0.0,0.0,0.0
23.012,0.0,0.0,0.0,0.0,0.0,0.0
23.033,0.0,0.0,0.0,0.0,0.0,0.0
23.062,0.0,0.0,0.0,0.0,0.0,0.0
23.084,0.0,0.0,0.0,0.0,0.0,0.0
23.105,0.0,0.0,0.0,0.0,0.0,0.0
23.126,0.0,0.0,0.0,0.0,0.0,0.0
23.147,0.0,0.0,0.0,0.0,0.0,0.0
23.178,0.0,0.0,0.0,0.0,0.0,0.0
23.199,0.0,0.0,0.0,0.0,0.0,0.0
23.22,0.0,0.0,0.0,0.0,0.0,0.0
23.241,0.0,0.0,0.0,0.0,0.0,0.0
23.262,0.0,0.0,0.0,0.0,0.0,0.0
23.295,0.0,0.0,0.0,0.0,0.0,0.0
23.316,0.0,0.0,0.0,0.0,0.0,0.0
23.337,0.0,0.0,0.0,0.0,0.0,0.0
23.358,0.0,0.0,0.0,0.0,0.0,0.0
23.379,0.0,0.0,0.0,0.0,0.0,0.0
23.413,0.0,0.0,0.0,0.0,0.0,0.0
23.434,0.0,0.0,0.0,0.0,0.0,0.0
23.455,0.0,0.0,0.0,0.0,0.0,0.0
23.476,0.0,0.0,0.0,0.0,0.0,0.0
23.497,0.0,0.0,0.0,0.0,0.0,0.0
23.529,0.0,0.0,0.0,0.0,0.0,0.0
23.55,0.0,0.0,0.0,0.0,0.0,0.0
23.571,0.0,0.0,0.0,0.0,0.0,0.0
23.592,0.0,0.0,0.0,0.0,0.0,0.0
23.613,0.0,0.0,0.0,0.0,0.0,0.0
23.647,0.0,0.0,0.0,0.0,0.0,0.0
23.668,0.0,0.0,0.0,0.0,0.0,0.0
23.689,0.0,0.0,0.0,0.0,0.0,0.0
23.71,0.0,0.0,0.0,0.0,0.0,0.0
23.731,0.0,0.0,0.0,0.0,0.0,0.0
23.765,0.0,0.0,0.0,0.0,0.0,0.0
23.786,0.0,0.0,0.0,0.0,0.0,0.0
23.807,0.0,0.0,0.0,0.0,0.0,0.0
23.828,0.0,0.0,0.0,0.0,0.0,0.0
23.849,0.0,0.0,0.0,0.0,0.0,0.0
23.883,0.0,0.0,0.0,0.0,0.0,0.0
23.904,0.0,0.0,0.0,0.0,0.0,0.0
23.925,0.0,0.0,0.0,0.0,0.0,0.0
23.946,0.0,0.0,0.0,0.0,0.0,0.0
23.967,0.0,0.0,0.0,0.0,0.0,0.0
24.001,0.0,0.0,0.0,0.0,0.0,0.0
24.022,0.0,0.0,0.0,0.0,0.0,0.0
24.042,0.0,0.0,0.0,0.0,0.0,0.0
24.063,0.0,0.0,0.0,0.0,0.0,0.0
24.084,0.0,0.0,0.0,0.0,0.0,0.0
24.119,0.0,0.0,0.0,0.0,0.0,0.0
24.14,0.0,0.0,0.0,0.0,0.0,0.0
24.161,0.0,0.0,0.0,0.0,0.0,0.0
24.182,0.0,0.0,0.0,0.0,0.0,0.0
24.203,0.0,0.0,0.0,0.0,0.0,0.0
24.239,0.0,0.0,0.0,0.0,0.0,0.0
24.26,0.0,0.0,0.0,0.0,0.0,0.0
24.281,0.0,0.0,0.0,0.0,0.0,0.0
24.302,0.0,0.0,0.0,0.0,0.0,0.0
24.323,0.0,0.0,0.0,0.0,0.0,0.0
24.358,0.0,0.0,0.0,0.0,0.0,0.0
24.379,0.0,0.0,0.0,0.0,0.0,0.0
24.4,0.0,0.0,0.0,0.0,0.0,0.0
24.421,0.0,0.0,0.0,0.0,0.0,0.0
24.442,0.0,0.0,0.0,0.0,0.0,0.0
24.476,0.0,0.0,0.0,0.0,0.0,0.0
24.497,0.0,0.0,0.0,0.0,0.0,0.0
24.518,0.0,0.0,0.0,0.0,0.0,0.0
24.539,0.0,0.0,0.0,0.0,0.0,0.0
24.56,0.0,0.0,0.0,0.0,0.0,0.0
24.595,0.0,0.0,0.0,0.0,0.0,0.0
24.616,0.0,0.0,0.0,0.0,0.0,0.0
24.637,0.0,0.0,0.0,0.0,0.0,0.0
24.658,0.0,0.0,0.0,0.0,0.0,0.0
24.679,0.0,0.0,0.0,0.0,0.0,0.0
24.713,0.0,0.0,0.0,0.0,0.0,0.0
24.734,0.0,0.0,0.0,0.0,0.0,0.0
24.755,0.0,0.0,0.0,0.0,0.0,0.0
24.776,0.0,0.0,0.0,0.0,0.0,0.0
24.797,0.0,0.0,0.0,0.0,0.0,0.0
24.831,0.0,0.0,0.0,0.0,0.0,0.0
24.852,0.0,0.0,0.0,0.0,0.0,0.0
24.873,0.0,0.0,0.0,0.0,0.0,0.0
24.894,0.0,0.0,0.0,0.0,0.0,0.0
24.915,0.0,0.0,0.0,0.0,0.0,0.0
24.95,0.0,0.0,0.0,0.0,0.0,0.0
24.971,0.0,0.0,0.0,0.0,0.0,0.0
24.992,0.0,0.0,0.0,0.0,0.0,0.0
25.013,0.0,0.0,0.0,0.0,0.0,0.0
25.034,0.0,0.0,0.0,0.0,0.0,0.0
25.069,0.0,0.0,0.0,0.0,0.0,0.0
25.09,0.0,0.0,0.0,0.0,0.0,0.0
25.111,0.0,0.0,0.0,0.0,0.0,0.0
25.132,0.0,0.0,0.0,0.0,0.0,0.0
25.153,0.0,0.0,0.0,0.0,0.0,0.0
25.185,0.0,0.0,0.0,0.0,0.0,0.0
25.206,0.0,0.0,0.0,0.0,0.0,0.0
25.227,0.0,0.0,0.0,0.0,0.0,0.0
25.248,0.0,0.0,0.0,0.0,0.0,0.0
25.269,0.0,0.0,0.0,0.0,0.0,0.0
